tokenizer,dataset,num_tokens_min,num_tokens_max,num_tokens_mean,num_tokens_std,num_nuc_min,num_nuc_max,num_nuc_mean,num_nuc_std,fertility_min,fertility_max,fertility_mean,fertility_std
yeast_4096.json,virus/covid,181,226,198.4878707302107,3.0280030513964813,999,999,999.0,0.0,1.8118118118118118,2.2622622622622623,1.9868655728749811,0.030310340854819713
tokenizer_DNABERT2.json,virus/covid,192,229,203.84452171541557,3.8861101760529495,999,999,999.0,0.0,1.921921921921922,2.2922922922922924,2.0404857028570125,0.03890000176229182
mouse_4096.json,virus/covid,190,233,203.6815981454967,5.0184394444267095,999,999,999.0,0.0,1.901901901901902,2.3323323323323324,2.0388548362912573,0.05023462907334048
hg38_4096.json,virus/covid,188,229,202.72778345946682,4.6172136354971105,999,999,999.0,0.0,1.8818818818818819,2.2922922922922924,2.0293071417364046,0.04621835470968084
bacteria_4096.json,virus/covid,194,224,203.49020249539782,3.026984552779056,999,999,999.0,0.0,1.941941941941942,2.2422422422422423,2.0369389639178954,0.030300145673464045
gpt-tokenizer.json,virus/covid,485,535,518.2797163700825,5.89858840879866,999,999,999.0,0.0,4.854854854854855,5.355355355355355,5.187985148849674,0.05904492901700358
yeast_4096.json,tf/0,17,30,22.708258694175058,1.514140569532504,101,101,101.0,0.0,1.683168316831683,2.9702970297029703,2.2483424449678275,0.14991490787450532
tokenizer_DNABERT2.json,tf/0,14,30,23.747451973562296,1.7603414655035623,101,101,101.0,0.0,1.386138613861386,2.9702970297029703,2.351232868669534,0.1742912342082735
mouse_4096.json,tf/0,10,32,22.58765210945704,1.9136447203062883,101,101,101.0,0.0,0.9900990099009901,3.1683168316831685,2.2364011989561425,0.1894697742877513
hg38_4096.json,tf/0,8,29,21.96719995058373,2.2642490053688036,101,101,101.0,0.0,0.7920792079207921,2.871287128712871,2.1749702921370027,0.2241830698384953
bacteria_4096.json,tf/0,17,27,21.291000061770337,1.2569133947974236,101,101,101.0,0.0,1.683168316831683,2.6732673267326734,2.108019808096073,0.12444687077202213
gpt-tokenizer.json,tf/0,36,67,53.859040088949286,2.163332899463121,101,101,101.0,0.0,3.5643564356435644,6.633663366336633,5.332578226628642,0.21419137618446735
yeast_4096.json,tf/1,16,30,22.63129238393323,1.4967091978527445,101,101,101.0,0.0,1.5841584158415842,2.9702970297029703,2.2407220182112106,0.1481890294903707
tokenizer_DNABERT2.json,tf/1,14,30,23.685511215440794,1.7514386805707702,101,101,101.0,0.0,1.386138613861386,2.9702970297029703,2.345100120340672,0.17340977035354163
mouse_4096.json,tf/1,13,32,22.436554512258738,1.876345420204322,101,101,101.0,0.0,1.2871287128712872,3.1683168316831685,2.2214410408176968,0.18577677427765563
hg38_4096.json,tf/1,9,29,21.84040818988002,2.2997037663247095,101,101,101.0,0.0,0.8910891089108911,2.871287128712871,2.162416652463368,0.22769344221036728
bacteria_4096.json,tf/1,16,26,21.340701617110067,1.26013440061489,101,101,101.0,0.0,1.5841584158415842,2.5742574257425743,2.1129407541693137,0.124765782239098
gpt-tokenizer.json,tf/1,41,65,53.9011802295253,2.1389223134012707,101,101,101.0,0.0,4.0594059405940595,6.435643564356436,5.336750517774783,0.21177448647537325
yeast_4096.json,tf/2,17,29,22.824,1.563126074369872,101,101,101.0,0.0,1.683168316831683,2.871287128712871,2.2598019801980196,0.15476495785840313
tokenizer_DNABERT2.json,tf/2,15,30,23.874473684210525,1.743931750155247,101,101,101.0,0.0,1.4851485148514851,2.9702970297029703,2.3638092756644085,0.17266650991636107
mouse_4096.json,tf/2,11,32,22.725210526315788,1.9726580456683296,101,101,101.0,0.0,1.0891089108910892,3.1683168316831685,2.2500208441896823,0.1953126777889435
hg38_4096.json,tf/2,10,29,22.11063157894737,2.1885135788660124,101,101,101.0,0.0,0.9900990099009901,2.871287128712871,2.1891714434601353,0.21668451275901113
bacteria_4096.json,tf/2,17,26,21.272052631578948,1.2506908443558742,101,101,101.0,0.0,1.683168316831683,2.5742574257425743,2.106143824908807,0.1238307766688984
gpt-tokenizer.json,tf/2,40,63,53.74278947368421,2.1870768217792813,101,101,101.0,0.0,3.9603960396039604,6.237623762376238,5.321068264721209,0.21654225958210704
yeast_4096.json,tf/3,16,27,21.389609437971714,1.424010328842203,101,101,101.0,0.0,1.5841584158415842,2.6732673267326734,2.117783112670467,0.14099112166754485
tokenizer_DNABERT2.json,tf/3,12,29,22.699018099215944,1.5683645860033169,101,101,101.0,0.0,1.188118811881188,2.871287128712871,2.247427534575836,0.15528362237656596
mouse_4096.json,tf/3,10,28,21.08364475708947,1.4938415698542948,101,101,101.0,0.0,0.9900990099009901,2.772277227722772,2.0874895799098487,0.14790510592616782
hg38_4096.json,tf/3,8,27,20.6980288708141,1.9905167942443374,101,101,101.0,0.0,0.7920792079207921,2.6732673267326734,2.0493097891895147,0.19708087071726113
bacteria_4096.json,tf/3,16,28,21.38378398182751,1.2630277805838976,101,101,101.0,0.0,1.5841584158415842,2.772277227722772,2.1172063348344063,0.1250522555033562
gpt-tokenizer.json,tf/3,41,61,53.13266652011431,2.1283049912399443,101,101,101.0,0.0,4.0594059405940595,6.03960396039604,5.260660051496465,0.21072326645940043
yeast_4096.json,tf/4,18,28,22.43636842105263,1.4428252833252804,101,101,101.0,0.0,1.7821782178217822,2.772277227722772,2.2214226159458055,0.1428539884480475
tokenizer_DNABERT2.json,tf/4,15,29,23.460105263157896,1.7893097966449472,101,101,101.0,0.0,1.4851485148514851,2.871287128712871,2.322782699322564,0.1771593858064304
mouse_4096.json,tf/4,14,30,22.127736842105264,1.772956585974642,101,101,101.0,0.0,1.386138613861386,2.9702970297029703,2.190865033871808,0.1755402560370932
hg38_4096.json,tf/4,9,29,21.542105263157893,2.3617332347835913,101,101,101.0,0.0,0.8910891089108911,2.871287128712871,2.1328817092235544,0.2338349737409496
bacteria_4096.json,tf/4,17,26,21.405526315789473,1.2515671472443566,101,101,101.0,0.0,1.683168316831683,2.5742574257425743,2.1193590411672747,0.1239175393311244
gpt-tokenizer.json,tf/4,44,62,53.86842105263158,2.018742807764315,101,101,101.0,0.0,4.356435643564357,6.138613861386139,5.333507034914018,0.1998755255212192
yeast_4096.json,splice/reconstructed,25,100,81.75145221394125,3.877068449551301,400,400,400.0,0.0,0.625,2.5,2.0437863053485317,0.09692671123878252
tokenizer_DNABERT2.json,splice/reconstructed,27,98,81.68221174923279,3.9075011623913376,400,400,400.0,0.0,0.675,2.45,2.04205529373082,0.09768752905978344
mouse_4096.json,splice/reconstructed,25,104,80.68689719421306,3.6074285682659126,400,400,400.0,0.0,0.625,2.6,2.017172429855327,0.09018571420664781
hg38_4096.json,splice/reconstructed,25,99,79.38141166155195,5.022870695379448,400,400,400.0,0.0,0.625,2.475,1.984535291538799,0.1255717673844862
bacteria_4096.json,splice/reconstructed,50,93,81.96232463831653,2.4755120526197634,400,400,400.0,0.0,1.25,2.325,2.049058115957913,0.06188780131549409
gpt-tokenizer.json,splice/reconstructed,50,232,209.7191473038141,5.1878726602642775,400,400,400.0,0.0,1.25,5.8,5.242978682595353,0.12969681650660692
yeast_4096.json,prom/prom_core_tata,10,20,15.240823817292007,1.2860020049741367,70,70,70.0,0.0,1.4285714285714286,2.857142857142857,2.1772605453274294,0.18371457213916234
tokenizer_DNABERT2.json,prom/prom_core_tata,9,21,16.89783849918434,1.2283463733777547,70,70,70.0,0.0,1.2857142857142858,3.0,2.4139769284549057,0.1754780533396793
mouse_4096.json,prom/prom_core_tata,6,20,15.195146818923329,1.4023555032274309,70,70,70.0,0.0,0.8571428571428571,2.857142857142857,2.1707352598461895,0.20033650046106152
hg38_4096.json,prom/prom_core_tata,6,21,15.06178629690049,1.391993564800529,70,70,70.0,0.0,0.8571428571428571,3.0,2.1516837567000695,0.19885622354293267
bacteria_4096.json,prom/prom_core_tata,12,18,14.952691680261012,1.0686247688301649,70,70,70.0,0.0,1.7142857142857142,2.5714285714285716,2.1360988114658586,0.15266068126145205
gpt-tokenizer.json,prom/prom_core_tata,29,42,36.89029363784665,1.7510218442130232,70,70,70.0,0.0,4.142857142857143,6.0,5.270041948263808,0.2501459777447176
yeast_4096.json,prom/prom_core_notata,9,21,15.741896730424951,1.2597172415143854,70,70,70.0,0.0,1.2857142857142858,3.0,2.248842390060707,0.17995960593062654
tokenizer_DNABERT2.json,prom/prom_core_notata,10,22,17.486054838405728,1.201856632080019,70,70,70.0,0.0,1.4285714285714286,3.142857142857143,2.4980078340579617,0.17169380458285996
mouse_4096.json,prom/prom_core_notata,7,23,16.00906906623952,1.4554830329934745,70,70,70.0,0.0,1.0,3.2857142857142856,2.2870098666056453,0.20792614757049638
hg38_4096.json,prom/prom_core_notata,8,21,15.8238481108075,1.36360981418621,70,70,70.0,0.0,1.1428571428571428,3.0,2.2605497301153568,0.19480140202660143
bacteria_4096.json,prom/prom_core_notata,11,19,15.06336568359559,1.0872465975400984,70,70,70.0,0.0,1.5714285714285714,2.7142857142857144,2.1519093833707985,0.15532094250572828
gpt-tokenizer.json,prom/prom_core_notata,23,46,37.467280693489116,1.6613303938743813,70,70,70.0,0.0,3.2857142857142856,6.571428571428571,5.352468670498445,0.23733291341062587
yeast_4096.json,prom/prom_core_all,9,21,15.685742039023566,1.2688715924987926,70,70,70.0,0.0,1.2857142857142858,3.0,2.2408202912890807,0.18126737035697033
tokenizer_DNABERT2.json,prom/prom_core_all,9,22,17.422691950333643,1.2163839053950076,70,70,70.0,0.0,1.2857142857142858,3.142857142857143,2.488955992904806,0.17376912934214409
mouse_4096.json,prom/prom_core_all,6,22,15.921277134893149,1.4712715155365221,70,70,70.0,0.0,0.8571428571428571,3.142857142857143,2.2744681621275924,0.210181645076646
hg38_4096.json,prom/prom_core_all,6,21,15.743094855984458,1.3840463312424924,70,70,70.0,0.0,0.8571428571428571,3.0,2.2490135508549227,0.19772090446321322
bacteria_4096.json,prom/prom_core_all,11,19,15.049940873384577,1.0855584370984952,70,70,70.0,0.0,1.5714285714285714,2.7142857142857144,2.1499915533406537,0.1550797767283564
gpt-tokenizer.json,prom/prom_core_all,23,46,37.40592533153138,1.684250379915101,70,70,70.0,0.0,3.2857142857142856,6.571428571428571,5.343703618790197,0.24060719713072865
yeast_4096.json,prom/prom_300_tata,53,75,62.9602365415987,3.4070282281277295,300,300,300.0,0.0,1.7666666666666666,2.5,2.098674551386623,0.11356760760425767
tokenizer_DNABERT2.json,prom/prom_300_tata,47,76,63.53568515497553,3.210849796238934,300,300,300.0,0.0,1.5666666666666667,2.533333333333333,2.1178561718325177,0.1070283265412978
mouse_4096.json,prom/prom_300_tata,41,78,62.50938009787928,3.9281110988767636,300,300,300.0,0.0,1.3666666666666667,2.6,2.083646003262643,0.13093703662922546
hg38_4096.json,prom/prom_300_tata,40,76,61.866027732463294,3.787949058608843,300,300,300.0,0.0,1.3333333333333333,2.533333333333333,2.062200924415443,0.1262649686202948
bacteria_4096.json,prom/prom_300_tata,54,70,61.79323001631322,2.0962139290476016,300,300,300.0,0.0,1.8,2.3333333333333335,2.0597743338771073,0.06987379763492008
gpt-tokenizer.json,prom/prom_300_tata,138,176,157.71044045677,4.063156953859599,300,300,300.0,0.0,4.6,5.866666666666666,5.257014681892333,0.13543856512865327
yeast_4096.json,prom/prom_300_notata,53,78,64.47022519551493,3.0316748475886643,300,300,300.0,0.0,1.7666666666666666,2.6,2.1490075065171648,0.10105582825295548
tokenizer_DNABERT2.json,prom/prom_300_notata,46,79,65.6822764534062,2.9449598476849825,300,300,300.0,0.0,1.5333333333333334,2.6333333333333333,2.1894092151135403,0.09816532825616608
mouse_4096.json,prom/prom_300_notata,42,83,65.39555262414021,3.776037589760314,300,300,300.0,0.0,1.4,2.7666666666666666,2.179851754138007,0.12586791965867714
hg38_4096.json,prom/prom_300_notata,33,77,64.6250117780081,3.4809034670783547,300,300,300.0,0.0,1.1,2.566666666666667,2.154167059266937,0.11603011556927852
bacteria_4096.json,prom/prom_300_notata,53,73,62.08576745500801,2.0691829309765852,300,300,300.0,0.0,1.7666666666666666,2.433333333333333,2.0695255818336005,0.0689727643658862
gpt-tokenizer.json,prom/prom_300_notata,139,176,158.9254216526901,3.7478846434572044,300,300,300.0,0.0,4.633333333333334,5.866666666666666,5.29751405508967,0.12492948811524013
yeast_4096.json,prom/prom_300_all,53,78,64.31827012416589,3.1170222893743276,300,300,300.0,0.0,1.7666666666666666,2.6,2.143942337472197,0.10390074297914424
tokenizer_DNABERT2.json,prom/prom_300_all,46,78,65.4646084973393,3.0491406428601695,300,300,300.0,0.0,1.5333333333333334,2.6,2.182153616577977,0.10163802142867233
mouse_4096.json,prom/prom_300_all,41,83,65.1074626235324,3.8884729919384564,300,300,300.0,0.0,1.3666666666666667,2.7666666666666666,2.170248754117747,0.12961576639794856
hg38_4096.json,prom/prom_300_all,33,77,64.35074752935215,3.6134291329685095,300,300,300.0,0.0,1.1,2.566666666666667,2.1450249176450717,0.120447637765617
bacteria_4096.json,prom/prom_300_all,53,73,62.04668890953628,2.0765407160955665,300,300,300.0,0.0,1.7666666666666666,2.433333333333333,2.0682229636512095,0.06921802386985224
gpt-tokenizer.json,prom/prom_300_all,138,176,158.79842047470225,3.789208071780305,300,300,300.0,0.0,4.6,5.866666666666666,5.293280682490074,0.12630693572601012
yeast_4096.json,mouse/0,18,27,22.38700216116085,1.49254674375778,101,101,101.0,0.0,1.7821782178217822,2.6732673267326734,2.2165348674416685,0.14777690532255242
tokenizer_DNABERT2.json,mouse/0,16,30,24.033189255943192,1.5038350598683388,101,101,101.0,0.0,1.5841584158415842,2.9702970297029703,2.3795236887072466,0.14889456038300386
mouse_4096.json,mouse/0,14,30,22.734177215189874,1.818210813175472,101,101,101.0,0.0,1.386138613861386,2.9702970297029703,2.2509086351673138,0.18002087259163085
hg38_4096.json,mouse/0,16,29,22.568385304106204,1.7158501175207699,101,101,101.0,0.0,1.5841584158415842,2.871287128712871,2.234493594465961,0.16988615024958115
bacteria_4096.json,mouse/0,17,26,21.493053411546775,1.2328920301440986,101,101,101.0,0.0,1.683168316831683,2.5742574257425743,2.1280250902521556,0.12206851783604933
gpt-tokenizer.json,mouse/0,44,61,53.92435937017598,1.9795517936126903,101,101,101.0,0.0,4.356435643564357,6.03960396039604,5.339045482195642,0.1959952270903653
yeast_4096.json,mouse/1,12,39,19.99614472123369,1.7148441886947052,101,101,101.0,0.0,1.188118811881188,3.8613861386138613,1.9798163090330385,0.16978655333610945
tokenizer_DNABERT2.json,mouse/1,10,39,21.68870477461447,1.7001984620285753,101,101,101.0,0.0,0.9900990099009901,3.8613861386138613,2.1473965123380663,0.16833648138896784
mouse_4096.json,mouse/1,8,37,19.85116399762752,1.8443081562287917,101,101,101.0,0.0,0.7920792079207921,3.6633663366336635,1.9654617819433189,0.18260476794344477
hg38_4096.json,mouse/1,10,38,19.780693950177938,1.8550121455699806,101,101,101.0,0.0,0.9900990099009901,3.762376237623762,1.9584845495225685,0.18366456886831495
bacteria_4096.json,mouse/1,15,36,20.653414145907472,1.3871532040470194,101,101,101.0,0.0,1.4851485148514851,3.5643564356435644,2.0448924896938094,0.13734190139079402
gpt-tokenizer.json,mouse/1,24,61,50.54700474495848,4.124026637474612,101,101,101.0,0.0,2.376237623762376,6.03960396039604,5.004653935144404,0.4083194690568924
yeast_4096.json,mouse/2,14,26,21.950381679389313,1.5380560788998008,101,101,101.0,0.0,1.386138613861386,2.5742574257425743,2.173305116771219,0.15228278008908913
tokenizer_DNABERT2.json,mouse/2,10,27,20.995801526717557,2.9821253044339886,101,101,101.0,0.0,0.9900990099009901,2.6732673267326734,2.0787922303680753,0.29525993113207805
mouse_4096.json,mouse/2,6,27,18.912595419847328,3.2170427434865174,101,101,101.0,0.0,0.594059405940594,2.6732673267326734,1.872534199984884,0.3185190835135166
hg38_4096.json,mouse/2,8,26,19.665648854961834,2.3033674235675266,101,101,101.0,0.0,0.7920792079207921,2.5742574257425743,1.947093946035825,0.22805618055124025
bacteria_4096.json,mouse/2,18,27,22.38167938931298,1.551252509828908,101,101,101.0,0.0,1.7821782178217822,2.6732673267326734,2.2160078603280176,0.15358935740880272
gpt-tokenizer.json,mouse/2,39,60,53.39351145038168,2.0208241672334006,101,101,101.0,0.0,3.8613861386138613,5.9405940594059405,5.286486282216008,0.20008160071617823
yeast_4096.json,mouse/3,17,27,21.4406512605042,1.3828948276264057,101,101,101.0,0.0,1.683168316831683,2.6732673267326734,2.1228367584657626,0.13692027996301046
tokenizer_DNABERT2.json,mouse/3,15,28,23.00735294117647,1.366189021655506,101,101,101.0,0.0,1.4851485148514851,2.772277227722772,2.2779557367501453,0.1352662397678718
mouse_4096.json,mouse/3,13,28,21.159138655462186,1.4850420758692064,101,101,101.0,0.0,1.2871287128712872,2.772277227722772,2.0949642233130876,0.14703386889794123
hg38_4096.json,mouse/3,15,27,21.199054621848738,1.423021863324448,101,101,101.0,0.0,1.4851485148514851,2.6732673267326734,2.0989162991929446,0.1408932537944998
bacteria_4096.json,mouse/3,17,26,21.449054621848738,1.2674547585871982,101,101,101.0,0.0,1.683168316831683,2.5742574257425743,2.1236687744404694,0.1254905701571483
gpt-tokenizer.json,mouse/3,46,59,53.56775210084034,2.060980484256301,101,101,101.0,0.0,4.554455445544554,5.841584158415841,5.30373783176637,0.20405747368874264
yeast_4096.json,mouse/4,17,28,22.569968135953268,1.5104639244259745,101,101,101.0,0.0,1.683168316831683,2.772277227722772,2.2346503104904225,0.1495508836065321
tokenizer_DNABERT2.json,mouse/4,12,30,24.091277217206585,1.4527338910613086,101,101,101.0,0.0,1.188118811881188,2.9702970297029703,2.385274972000652,0.14383503871894146
mouse_4096.json,mouse/4,10,30,22.830655868295274,1.8228488347262495,101,101,101.0,0.0,0.9900990099009901,2.9702970297029703,2.260460977058938,0.1804800826461633
hg38_4096.json,mouse/4,13,29,22.63767923526288,1.6763336444623969,101,101,101.0,0.0,1.2871287128712872,2.871287128712871,2.2413543797289974,0.1659736281645937
bacteria_4096.json,mouse/4,17,26,21.392392458842274,1.2478639566651393,101,101,101.0,0.0,1.683168316831683,2.5742574257425743,2.118058659291314,0.12355088679852863
gpt-tokenizer.json,mouse/4,43,62,54.20930695698354,2.010281201598958,101,101,101.0,0.0,4.257425742574258,6.138613861386139,5.3672581145528255,0.19903774273257002
yeast_4096.json,EMP/H4ac,57,112,98.53928505957836,2.87785525923547,290,500,499.9923006416132,1.2715601681510127,1.66,2.24,1.9708159676348813,0.057336847903396236
tokenizer_DNABERT2.json,EMP/H4ac,58,116,103.0371035747021,2.9134596430744955,290,500,499.9923006416132,1.2715601681510127,1.76,2.32,2.0607728689275895,0.05801452885715362
mouse_4096.json,EMP/H4ac,58,118,103.0282309807516,3.145084207578347,290,500,499.9923006416132,1.2715601681510127,1.8,2.36,2.0605954170485794,0.06266593589357096
hg38_4096.json,EMP/H4ac,60,115,102.48300641613199,3.1476281558926984,290,500,499.9923006416132,1.2715601681510127,1.72,2.3,2.0496919877366544,0.06274207999954393
bacteria_4096.json,EMP/H4ac,65,111,101.4268377635197,2.5610443683860327,290,500,499.9923006416132,1.2715601681510127,1.82,2.2413793103448274,2.0285712696355764,0.051046827530311804
gpt-tokenizer.json,EMP/H4ac,140,294,259.25279560036665,5.468026800486297,290,500,499.9923006416132,1.2715601681510127,4.64,5.88,5.185130250640033,0.10842434334727583
yeast_4096.json,EMP/H4,62,111,98.43856494562891,3.0465036202130618,310,500,499.9793646716328,1.8203250794621686,1.66,2.22,1.968854462666988,0.06055540850368128
tokenizer_DNABERT2.json,EMP/H4,64,116,102.89271341724462,3.061405162349512,310,500,499.9793646716328,1.8203250794621686,1.76,2.32,2.057938169673117,0.060737383763558146
mouse_4096.json,EMP/H4,62,118,102.96112680880212,3.2858656596617615,310,500,499.9793646716328,1.8203250794621686,1.8,2.36,2.0593043383408935,0.06521892372972567
hg38_4096.json,EMP/H4,62,117,102.35859234523504,3.2728077180752146,310,500,499.9793646716328,1.8203250794621686,1.72,2.34,2.0472550106591103,0.06500731216697661
bacteria_4096.json,EMP/H4,68,111,101.37349088106859,2.623109139265385,310,500,499.9793646716328,1.8203250794621686,1.8,2.22,2.027558889840312,0.05208453433255928
gpt-tokenizer.json,EMP/H4,153,282,258.77763507149587,5.8097920533136636,310,500,499.9793646716328,1.8203250794621686,4.56,5.64,5.175758803421759,0.11446484737509541
yeast_4096.json,EMP/H3K9ac,57,112,98.59341252699784,2.8997412133256324,290,500,499.9905507559395,1.408666480292544,1.66,2.24,1.9719053958441946,0.05772573907176576
tokenizer_DNABERT2.json,EMP/H3K9ac,58,116,103.09417746580273,2.929551930888974,290,500,499.9905507559395,1.408666480292544,1.76,2.32,2.0619213462922965,0.05827932100089522
mouse_4096.json,EMP/H3K9ac,58,118,103.10371670266379,3.1616652448617923,290,500,499.9905507559395,1.408666480292544,1.8,2.36,2.062112131029518,0.06294446659890539
hg38_4096.json,EMP/H3K9ac,60,115,102.54324154067675,3.1624088904700107,290,500,499.9905507559395,1.408666480292544,1.72,2.3,2.050903931133785,0.06299021874353226
bacteria_4096.json,EMP/H3K9ac,65,111,101.45806335493161,2.5625673339073267,290,500,499.9905507559395,1.408666480292544,1.8,2.2413793103448274,2.0292036257789032,0.051037248396789296
gpt-tokenizer.json,EMP/H3K9ac,140,294,259.22961663066957,5.470966951393307,290,500,499.9905507559395,1.408666480292544,4.64,5.88,5.184683566693976,0.1082702404137739
yeast_4096.json,EMP/H3K79me3,62,112,98.48927131648533,2.8688653131451636,310,500,499.98955307989075,1.295215386741361,1.68,2.24,1.9698275291294705,0.05717542619658361
tokenizer_DNABERT2.json,EMP/H3K79me3,64,116,103.01668906324505,2.916654629679354,310,500,499.98955307989075,1.295215386741361,1.82,2.32,2.060376257471599,0.05807100625398861
mouse_4096.json,EMP/H3K79me3,62,119,102.99631540162122,3.156794212004555,310,500,499.98955307989075,1.295215386741361,1.8,2.38,2.0599677215086607,0.06287326359071899
hg38_4096.json,EMP/H3K79me3,62,120,102.46616671723959,3.176480969161091,310,500,499.98955307989075,1.295215386741361,1.8,2.4,2.0493654371445555,0.0632944610387241
bacteria_4096.json,EMP/H3K79me3,68,111,101.40283497334084,2.5725257269754147,310,500,499.98955307989075,1.295215386741361,1.8,2.22,2.028101793508388,0.05125541027252616
gpt-tokenizer.json,EMP/H3K79me3,153,294,259.23754822489053,5.545734295849647,310,500,499.98955307989075,1.295215386741361,4.56,5.88,5.184855306478942,0.10999104525679235
yeast_4096.json,EMP/H3K4me3,57,112,98.55908828424879,2.8632045471596883,290,500,499.9846801861476,1.6770481044344006,1.68,2.24,1.9712427999160682,0.056898967875601385
tokenizer_DNABERT2.json,EMP/H3K4me3,58,116,103.06348721084277,2.9249875365950175,290,500,499.9846801861476,1.6770481044344006,1.82,2.32,2.0613315630154667,0.05805845402118815
mouse_4096.json,EMP/H3K4me3,58,118,103.0378069907266,3.1381062999062928,290,500,499.9846801861476,1.6770481044344006,1.8,2.36,2.060817125835908,0.062335063242701653
hg38_4096.json,EMP/H3K4me3,60,117,102.48704100003397,3.1429839201727714,290,500,499.9846801861476,1.6770481044344006,1.72,2.34,2.0498033301064913,0.06247738184647625
bacteria_4096.json,EMP/H3K4me3,65,111,101.42898875641156,2.5764966212209424,290,500,499.9846801861476,1.6770481044344006,1.8,2.2413793103448274,2.0286470890232464,0.05121618781075419
gpt-tokenizer.json,EMP/H3K4me3,140,286,259.2748734671694,5.531969000387987,290,500,499.9846801861476,1.6770481044344006,4.56,5.72,5.185648107998561,0.10905087501817526
yeast_4096.json,EMP/H3K4me2,57,111,98.58586270116113,2.8746584057971982,290,500,499.98370340191485,1.8075772329544022,1.66,2.22,1.971781850366322,0.057056952618130576
tokenizer_DNABERT2.json,EMP/H3K4me2,58,116,103.09187207170503,2.929902957919484,290,500,499.98370340191485,1.8075772329544022,1.8,2.32,2.061903626650195,0.058101999438144196
mouse_4096.json,EMP/H3K4me2,58,119,103.05964554899165,3.1474822238715707,290,500,499.98370340191485,1.8075772329544022,1.8,2.38,2.0612580973721735,0.06246914164974686
hg38_4096.json,EMP/H3K4me2,60,120,102.53623955999186,3.175212722905134,290,500,499.98370340191485,1.8075772329544022,1.72,2.4,2.0507911576906594,0.06306058770032422
bacteria_4096.json,EMP/H3K4me2,65,111,101.4541454471379,2.56677955121496,290,500,499.98370340191485,1.8075772329544022,1.8,2.2413793103448274,2.0291552221510467,0.050974296878188004
gpt-tokenizer.json,EMP/H3K4me2,140,294,259.3527398655531,5.553329729297808,290,500,499.98370340191485,1.8075772329544022,4.64,5.88,5.187213814221954,0.10921132678684047
yeast_4096.json,EMP/H3K4me1,62,111,98.57333964721202,2.8480108974592118,310,500,499.99250226905014,1.1935530488714712,1.66,2.22,1.9714967838680402,0.05677484539623677
tokenizer_DNABERT2.json,EMP/H3K4me1,64,116,103.08006787419596,2.918023235130234,310,500,499.99250226905014,1.1935530488714712,1.82,2.32,2.0616323158568735,0.058153547275870125
mouse_4096.json,EMP/H3K4me1,62,118,103.03235862830985,3.128461561424341,310,500,499.99250226905014,1.1935530488714712,1.8,2.36,2.0606771634899963,0.06235764526050797
hg38_4096.json,EMP/H3K4me1,62,117,102.51544927193086,3.1385351024305272,310,500,499.99250226905014,1.1935530488714712,1.8,2.34,2.0503389763624167,0.06256475357278256
bacteria_4096.json,EMP/H3K4me1,68,111,101.43340831064283,2.553321470890404,310,500,499.99250226905014,1.1935530488714712,1.84,2.22,2.0287010594841206,0.05090390205056275
gpt-tokenizer.json,EMP/H3K4me1,153,294,259.3574444575984,5.459025343356721,310,500,499.99250226905014,1.1935530488714712,4.64,5.88,5.18722289901231,0.10837119067946625
yeast_4096.json,EMP/H3K4me1,62,111,98.57333964721202,2.8480108974592118,310,500,499.99250226905014,1.1935530488714712,1.66,2.22,1.9714967838680402,0.05677484539623677
tokenizer_DNABERT2.json,EMP/H3K4me1,64,116,103.08006787419596,2.918023235130234,310,500,499.99250226905014,1.1935530488714712,1.82,2.32,2.0616323158568735,0.058153547275870125
mouse_4096.json,EMP/H3K4me1,62,118,103.03235862830985,3.128461561424341,310,500,499.99250226905014,1.1935530488714712,1.8,2.36,2.0606771634899963,0.06235764526050797
hg38_4096.json,EMP/H3K4me1,62,117,102.51544927193086,3.1385351024305272,310,500,499.99250226905014,1.1935530488714712,1.8,2.34,2.0503389763624167,0.06256475357278256
bacteria_4096.json,EMP/H3K4me1,68,111,101.43340831064283,2.553321470890404,310,500,499.99250226905014,1.1935530488714712,1.84,2.22,2.0287010594841206,0.05090390205056275
gpt-tokenizer.json,EMP/H3K4me1,153,294,259.3574444575984,5.459025343356721,310,500,499.99250226905014,1.1935530488714712,4.64,5.88,5.18722289901231,0.10837119067946625
yeast_4096.json,EMP/H3K36me3,62,112,98.5799885321101,2.8687462854355017,310,500,499.99136324541286,1.177670956709005,1.66,2.24,1.9716345781783169,0.05720696952654622
tokenizer_DNABERT2.json,EMP/H3K36me3,64,116,103.09106221330275,2.8986859201453656,310,500,499.99136324541286,1.177670956709005,1.82,2.32,2.061856360507896,0.05775488088522618
mouse_4096.json,EMP/H3K36me3,62,118,103.07045584862385,3.1343970424327217,310,500,499.99136324541286,1.177670956709005,1.8,2.36,2.0614433546259785,0.062468538309850566
hg38_4096.json,EMP/H3K36me3,62,117,102.52014048165138,3.1458397863662504,310,500,499.99136324541286,1.177670956709005,1.72,2.34,2.0504376171691425,0.06271995193770882
bacteria_4096.json,EMP/H3K36me3,68,111,101.44334145642202,2.556605150967537,310,500,499.99136324541286,1.177670956709005,1.82,2.22,2.028904109605971,0.050969262354704135
gpt-tokenizer.json,EMP/H3K36me3,153,286,259.32153096330273,5.494932958627069,310,500,499.99136324541286,1.177670956709005,4.62,5.72,5.186516881635706,0.1091271960953726
yeast_4096.json,EMP/H3K14ac,62,112,98.55601785309025,2.8670964393695693,310,500,499.9908843331568,1.2098810684241195,1.66,2.24,1.9711570946927812,0.05716484972770906
tokenizer_DNABERT2.json,EMP/H3K14ac,64,116,103.07485437627658,2.9070589148121466,310,500,499.9908843331568,1.2098810684241195,1.8,2.32,2.0615341509801173,0.057911056223490166
mouse_4096.json,EMP/H3K14ac,62,118,103.05696346168394,3.1351534029989736,310,500,499.9908843331568,1.2098810684241195,1.8,2.36,2.061175405381772,0.062471688155192
hg38_4096.json,EMP/H3K14ac,62,114,102.48948483243815,3.136940714926305,310,500,499.9908843331568,1.2098810684241195,1.72,2.28,2.049826434279739,0.06253080519185732
bacteria_4096.json,EMP/H3K14ac,68,111,101.43611468341024,2.567318832228996,310,500,499.9908843331568,1.2098810684241195,1.8,2.22,2.0287616413664042,0.05117532085790617
gpt-tokenizer.json,EMP/H3K14ac,153,294,259.291512217263,5.454909319376893,310,500,499.9908843331568,1.2098810684241195,4.64,5.88,5.185921290005399,0.10827826633778362
yeast_4096.json,EMP/H3,57,112,98.65249352602122,3.1279371903360538,290,500,499.9665859159636,2.5882362619942323,1.66,2.24,1.9731823170362857,0.061731482621647724
tokenizer_DNABERT2.json,EMP/H3,58,115,103.12973018127141,3.1456103669227202,290,500,499.9665859159636,2.5882362619942323,1.76,2.3,2.0627303079215635,0.06195990133635509
mouse_4096.json,EMP/H3,58,118,103.20015036337817,3.352382159420745,290,500,499.9665859159636,2.5882362619942323,1.8,2.36,2.064136663603709,0.06611396986055347
hg38_4096.json,EMP/H3,60,115,102.60663269568123,3.3973628940077716,290,500,499.9665859159636,2.5882362619942323,1.8,2.3,2.052268729890338,0.06709171725438554
bacteria_4096.json,EMP/H3,65,111,101.48325119037675,2.630954349777995,290,500,499.9665859159636,2.5882362619942323,1.8,2.2413793103448274,2.029813292765637,0.05189211221603829
gpt-tokenizer.json,EMP/H3,140,286,259.1459360120291,6.016102381823875,290,500,499.9665859159636,2.5882362619942323,4.64,5.72,5.183244764019537,0.11679926121532298
